station_cd,station_g_cd,station_name,line_cd
1130101,1130101,東京,11301
1130102,1130102,新橋,11301
1130103,1130103,品川,11301
1130201,1130201,大崎,11302
1130202,1130202,五反田,11302
1130203,1130203,目黒,11302
1130204,1130204,恵比寿,11302
1130205,1130205,渋谷,11302
1130206,1130206,原宿,11302
1130207,1130207,代々木,11302
1130208,1130208,新宿,11302
1130209,1130209,新大久保,11302
1130210,1130210,高田馬場,11302
1130211,1130211,目白,11302
1130212,1130212,池袋,11302
1130213,1130213,大塚,11302
1130214,1130214,巣鴨,11302
1130215,1130215,駒込,11302
1130216,1130216,田端,11302
1130217,1130217,西日暮里,11302
1130218,1130218,日暮里,11302
1130219,1130219,鶯谷,11302
1130220,1130220,上野,11302
1130221,1130221,御徒町,11302
1130222,1130222,秋葉原,11302
1130223,1130223,神田,11302
1130224,1130101,東京,11302
1130225,1130225,有楽町,11302
1130226,1130102,新橋,11302
1130227,1130227,浜松町,11302
1130228,1130228,田町,11302
1130229,1130103,品川,11302
1130230,1130230,高輪ゲートウェイ,11302
1130317,1130317,矢野口,11303
1130318,1130318,稲城長沼,11303
1130319,1130319,南多摩,11303
1130320,1130320,府中本町,11303
1130321,1130321,分倍河原,11303
1130322,1130322,谷保,11303
1130323,1130323,矢川,11303
1130324,1130324,西国立,11303
1130325,1130325,立川,11303
1130329,1130329,西府,11303
1130501,1130320,府中本町,11305
1130502,1130502,北府中,11305
1130503,1130503,西国分寺,11305
1130504,1130504,新小平,11305
1130505,1130505,新秋津,11305
1130610,1130610,成瀬,11306
1130611,1130611,町田,11306
1130617,1130617,相原,11306
1130618,1130618,八王子みなみ野,11306
1130619,1130619,片倉,11306
1130620,1130620,八王子,11306
1130801,1130101,東京,11308
1130802,1130102,新橋,11308
1130803,1130103,品川,11308
1130804,1130804,西大井,11308
1131101,1130101,東京,11311
1131102,1131102,四ツ谷,11311
1131103,1130208,新宿,11311
1131104,1131104,吉祥寺,11311
1131105,1131105,三鷹,11311
1131106,1131106,国分寺,11311
1131107,1130325,立川,11311
1131108,1131108,日野,11311
1131109,1131109,豊田,11311
1131110,1130620,八王子,11311
1131111,1131111,西八王子,11311
1131112,1131112,高尾,11311
1131201,1130101,東京,11312
1131202,1130223,神田,11312
1131203,1131203,御茶ノ水,11312
1131207,1131102,四ツ谷,11312
1131211,1130208,新宿,11312
1131214,1131214,中野,11312
1131215,1131215,高円寺,11312
1131216,1131216,阿佐ケ谷,11312
1131217,1131217,荻窪,11312
1131218,1131218,西荻窪,11312
1131219,1131104,吉祥寺,11312
1131220,1131105,三鷹,11312
1131221,1131221,武蔵境,11312
1131222,1131222,東小金井,11312
1131223,1131223,武蔵小金井,11312
1131224,1131106,国分寺,11312
1131225,1130503,西国分寺,11312
1131226,1131226,国立,11312
1131227,1130325,立川,11312
1131228,1131108,日野,11312
1131229,1131109,豊田,11312
1131230,1130620,八王子,11312
1131231,1131111,西八王子,11312
1131232,1131112,高尾,11312
1131301,1131105,三鷹,11313
1131302,1131104,吉祥寺,11313
1131303,1131218,西荻窪,11313
1131304,1131217,荻窪,11313
1131305,1131216,阿佐ケ谷,11313
1131306,1131215,高円寺,11313
1131307,1131214,中野,11313
1131308,1131308,東中野,11313
1131309,1131309,大久保,11313
1131310,1130208,新宿,11313
1131311,1130207,代々木,11313
1131312,1131312,千駄ケ谷,11313
1131313,1131313,信濃町,11313
1131314,1131102,四ツ谷,11313
1131315,1131315,市ケ谷,11313
1131316,1131316,飯田橋,11313
1131317,1131317,水道橋,11313
1131318,1131203,御茶ノ水,11313
1131319,1130222,秋葉原,11313
1131320,1131320,浅草橋,11313
1131321,1131321,両国,11313
1131322,1131322,錦糸町,11313
1131323,1131323,亀戸,11313
1131324,1131324,平井,11313
1131325,1131325,新小岩,11313
1131326,1131326,小岩,11313
1131401,1130101,東京,11314
1131402,1131402,新日本橋,11314
1131403,1131403,馬喰町,11314
1131404,1131322,錦糸町,11314
1131405,1131325,新小岩,11314
1131501,1130325,立川,11315
1131502,1131502,西立川,11315
1131503,1131503,東中神,11315
1131504,1131504,中神,11315
1131505,1131505,昭島,11315
1131506,1131506,拝島,11315
1131507,1131507,牛浜,11315
1131508,1131508,福生,11315
1131509,1131509,羽村,11315
1131510,1131510,小作,11315
1131511,1131511,河辺,11315
1131512,1131512,東青梅,11315
1131513,1131513,青梅,11315
1131514,1131514,宮ノ平,11315
1131515,1131515,日向和田,11315
1131516,1131516,石神前,11315
1131517,1131517,二俣尾,11315
1131518,1131518,軍畑,11315
1131519,1131519,沢井,11315
1131520,1131520,御嶽,11315
1131521,1131521,川井,11315
1131522,1131522,古里,11315
1131523,1131523,鳩ノ巣,11315
1131524,1131524,白丸,11315
1131525,1131525,奥多摩,11315
1131601,1131506,拝島,11316
1131602,1131602,熊川,11316
1131603,1131603,東秋留,11316
1131604,1131604,秋川,11316
1131605,1131605,武蔵引田,11316
1131606,1131606,武蔵増戸,11316
1131607,1131607,武蔵五日市,11316
1131701,1130620,八王子,11317
1131702,1131702,北八王子,11317
1131703,1131703,小宮,11317
1131704,1131506,拝島,11317
1131705,1131705,東福生,11317
1131706,1131706,箱根ケ崎,11317
1131901,1130220,上野,11319
1131902,1131902,尾久,11319
1131903,1131903,赤羽,11319
1132001,1130220,上野,11320
1132002,1130218,日暮里,11320
1132003,1132003,三河島,11320
1132004,1132004,南千住,11320
1132005,1132005,北千住,11320
1132006,1132006,綾瀬,11320
1132007,1132007,亀有,11320
1132008,1132008,金町,11320
1132101,1130201,大崎,11321
1132102,1130204,恵比寿,11321
1132103,1130205,渋谷,11321
1132104,1130208,新宿,11321
1132105,1130212,池袋,11321
1132106,1132106,板橋,11321
1132107,1132107,十条,11321
1132108,1131903,赤羽,11321
1132109,1132109,北赤羽,11321
1132110,1132110,浮間舟渡,11321
1132301,1130220,上野,11323
1132302,1131902,尾久,11323
1132303,1131903,赤羽,11323
1132601,1130101,東京,11326
1132602,1132602,八丁堀,11326
1132603,1132603,越中島,11326
1132604,1132604,潮見,11326
1132605,1132605,新木場,11326
1132606,1132606,葛西臨海公園,11326
1132806,1130208,新宿,11328
1132807,1130205,渋谷,11328
1132808,1130103,品川,11328
1132809,1130101,東京,11328
1132816,1130620,八王子,11328
1132817,1130325,立川,11328
1132818,1131106,国分寺,11328
1132819,1131105,三鷹,11328
1132820,1131104,吉祥寺,11328
1133210,1131903,赤羽,11332
1133211,1133211,東十条,11332
1133212,1133212,王子,11332
1133213,1133213,上中里,11332
1133214,1130216,田端,11332
1133215,1130217,西日暮里,11332
1133216,1130218,日暮里,11332
1133217,1130219,鶯谷,11332
1133218,1130220,上野,11332
1133219,1130221,御徒町,11332
1133220,1130222,秋葉原,11332
1133221,1130223,神田,11332
1133222,1130101,東京,11332
1133223,1130225,有楽町,11332
1133224,1130102,新橋,11332
1133225,1130227,浜松町,11332
1133226,1130228,田町,11332
1133227,1130103,品川,11332
1133228,1133228,大井町,11332
1133229,1133229,大森,11332
1133230,1133230,蒲田,11332
1133236,1130230,高輪ゲートウェイ,11332
1133302,1131903,赤羽,11333
1133303,1130212,池袋,11333
1133304,1130208,新宿,11333
1133305,1130205,渋谷,11333
1133306,1130204,恵比寿,11333
1133307,1130201,大崎,11333
1133308,1130804,西大井,11333
1134301,1130101,東京,11343
1134302,1130220,上野,11343
2100101,1130212,池袋,21001
2100102,2100102,北池袋,21001
2100103,2100103,下板橋,21001
2100104,2100104,大山,21001
2100105,2100105,中板橋,21001
2100106,2100106,ときわ台,21001
2100107,2100107,上板橋,21001
2100108,2100108,東武練馬,21001
2100109,2100109,下赤塚,21001
2100110,2100110,成増,21001
2100201,2100201,浅草,21002
2100202,2100202,とうきょうスカイツリー,21002
2100203,2100203,押上〈スカイツリー前〉,21002
2100204,2100204,曳舟,21002
2100205,2100205,東向島,21002
2100206,2100206,鐘ヶ淵,21002
2100207,2100207,堀切,21002
2100208,2100208,牛田,21002
2100209,1132005,北千住,21002
2100210,2100210,小菅,21002
2100211,2100211,五反野,21002
2100212,2100212,梅島,21002
2100213,2100213,西新井,21002
2100214,2100214,竹ノ塚,21002
2100501,2100204,曳舟,21005
2100502,2100502,小村井,21005
2100503,2100503,東あずま,21005
2100504,2100504,亀戸水神,21005
2100505,1131323,亀戸,21005
2100601,2100213,西新井,21006
2100602,2100602,大師前,21006
2200101,1130212,池袋,22001
2200102,2200102,椎名町,22001
2200103,2200103,東長崎,22001
2200104,2200104,江古田,22001
2200105,2200105,桜台,22001
2200106,2200106,練馬,22001
2200107,2200107,中村橋,22001
2200108,2200108,富士見台,22001
2200109,2200109,練馬高野台,22001
2200110,2200110,石神井公園,22001
2200111,2200111,大泉学園,22001
2200112,2200112,保谷,22001
2200113,2200113,ひばりヶ丘,22001
2200114,2200114,東久留米,22001
2200115,2200115,清瀬,22001
2200116,2200116,秋津,22001
2200301,2200301,小竹向原,22003
2200302,2200302,新桜台,22003
2200303,2200106,練馬,22003
2200401,2200106,練馬,22004
2200402,2200402,豊島園,22004
2200601,2200601,多摩湖,22006
2200701,2200701,西武新宿,22007
2200702,1130210,高田馬場,22007
2200703,2200703,下落合,22007
2200704,2200704,中井,22007
2200705,2200705,新井薬師前,22007
2200706,2200706,沼袋,22007
2200707,2200707,野方,22007
2200708,2200708,都立家政,22007
2200709,2200709,鷺ノ宮,22007
2200710,2200710,下井草,22007
2200711,2200711,井荻,22007
2200712,2200712,上井草,22007
2200713,2200713,上石神井,22007
2200714,2200714,武蔵関,22007
2200715,2200715,東伏見,22007
2200716,2200716,西武柳沢,22007
2200717,2200717,田無,22007
2200718,2200718,花小金井,22007
2200719,2200719,小平,22007
2200720,2200720,久米川,22007
2200721,2200721,東村山,22007
2200801,2200719,小平,22008
2200802,2200802,萩山,22008
2200803,2200803,小川,22008
2200804,2200804,東大和市,22008
2200805,2200805,玉川上水,22008
2200806,2200806,武蔵砂川,22008
2200807,2200807,西武立川,22008
2200808,1131506,拝島,22008
2200901,2200721,東村山,22009
2200902,2200902,西武園,22009
2201001,1131106,国分寺,22010
2201002,2201002,恋ヶ窪,22010
2201003,2201003,鷹の台,22010
2201004,2200803,小川,22010
2201005,2200721,東村山,22010
2201101,1131106,国分寺,22011
2201102,2201102,一橋学園,22011
2201103,2201103,青梅街道,22011
2201105,2200802,萩山,22011
2201106,2201106,八坂,22011
2201107,2201107,武蔵大和,22011
2201108,2200601,多摩湖,22011
2201201,1131221,武蔵境,22012
2201202,2201202,新小金井,22012
2201203,2201203,多磨,22012
2201204,2201204,白糸台,22012
2201205,2201205,競艇場前,22012
2201206,2201206,是政,22012
2300101,2300101,京成上野,23001
2300102,1130218,日暮里,23001
2300103,2300103,新三河島,23001
2300104,2300104,町屋,23001
2300105,2300105,千住大橋,23001
2300106,2100208,京成関屋,23001
2300107,2300107,堀切菖蒲園,23001
2300108,2300108,お花茶屋,23001
2300109,2300109,青砥,23001
2300110,2300110,京成高砂,23001
2300111,2300111,京成小岩,23001
2300112,2300112,江戸川,23001
2300201,2100203,押上（スカイツリー前）,23002
2300202,2300202,京成曳舟,23002
2300203,2300203,八広,23002
2300204,2300204,四ツ木,23002
2300205,2300205,京成立石,23002
2300206,2300109,青砥,23002
2300207,2300110,京成高砂,23002
2300301,2300110,京成高砂,23003
2300302,2300302,柴又,23003
2300303,1132008,京成金町,23003
2300601,2300101,京成上野,23006
2300602,1130218,日暮里,23006
2300603,2300109,青砥,23006
2300604,2300110,京成高砂,23006
2400101,1130208,新宿,24001
2400104,2400104,笹塚,24001
2400105,2400105,代田橋,24001
2400106,2400106,明大前,24001
2400107,2400107,下高井戸,24001
2400108,2400108,桜上水,24001
2400109,2400109,上北沢,24001
2400110,2400110,八幡山,24001
2400111,2400111,芦花公園,24001
2400112,2400112,千歳烏山,24001
2400113,2400113,仙川,24001
2400114,2400114,つつじヶ丘,24001
2400115,2400115,柴崎,24001
2400116,2400116,国領,24001
2400117,2400117,布田,24001
2400118,2400118,調布,24001
2400119,2400119,西調布,24001
2400120,2400120,飛田給,24001
2400121,2400121,武蔵野台,24001
2400122,2400122,多磨霊園,24001
2400123,2400123,東府中,24001
2400124,2400124,府中,24001
2400125,1130321,分倍河原,24001
2400126,2400126,中河原,24001
2400127,2400127,聖蹟桜ヶ丘,24001
2400128,2400128,百草園,24001
2400129,2400129,高幡不動,24001
2400130,2400130,南平,24001
2400131,2400131,平山城址公園,24001
2400132,2400132,長沼,24001
2400133,2400133,北野,24001
2400134,2400134,京王八王子,24001
2400201,2400118,調布,24002
2400202,2400202,京王多摩川,24002
2400204,2400204,京王よみうりランド,24002
2400205,2400205,稲城,24002
2400207,2400207,京王永山,24002
2400208,2400208,京王多摩センター,24002
2400209,2400209,京王堀之内,24002
2400210,2400210,南大沢,24002
2400211,2400211,多摩境,24002
2400301,2400133,北野,24003
2400302,2400302,京王片倉,24003
2400303,2400303,山田,24003
2400304,2400304,めじろ台,24003
2400305,2400305,狭間,24003
2400306,1131112,高尾,24003
2400307,2400307,高尾山口,24003
2400401,2400123,東府中,24004
2400402,2400402,府中競馬正門前,24004
2400501,2400129,高幡不動,24005
2400502,2400502,多摩動物公園,24005
2400601,1130205,渋谷,24006
2400602,2400602,神泉,24006
2400603,2400603,駒場東大前,24006
2400604,2400604,池ノ上,24006
2400605,2400605,下北沢,24006
2400606,2400606,新代田,24006
2400607,2400607,東松原,24006
2400608,2400106,明大前,24006
2400609,2400609,永福町,24006
2400610,2400610,西永福,24006
2400611,2400611,浜田山,24006
2400612,2400612,高井戸,24006
2400613,2400613,富士見ヶ丘,24006
2400614,2400614,久我山,24006
2400615,2400615,三鷹台,24006
2400616,2400616,井の頭公園,24006
2400617,1131104,吉祥寺,24006
2400701,1130208,新線新宿,24007
2400702,2400102,初台,24007
2400703,2400103,幡ヶ谷,24007
2400704,2400104,笹塚,24007
2500101,1130208,新宿,25001
2500102,2500102,南新宿,25001
2500103,2500103,参宮橋,25001
2500104,2500104,代々木八幡,25001
2500105,2500105,代々木上原,25001
2500106,2500106,東北沢,25001
2500107,2400605,下北沢,25001
2500108,2500108,世田谷代田,25001
2500109,2500109,梅ヶ丘,25001
2500110,2500110,豪徳寺,25001
2500111,2500111,経堂,25001
2500112,2500112,千歳船橋,25001
2500113,2500113,祖師ヶ谷大蔵,25001
2500114,2500114,成城学園前,25001
2500115,2500115,喜多見,25001
2500116,2500116,狛江,25001
2500117,2500117,和泉多摩川,25001
2500125,2500125,鶴川,25001
2500126,2500126,玉川学園前,25001
2500127,1130611,町田,25001
2500306,2400207,小田急永山,25003
2500307,2400208,小田急多摩センター,25003
2500308,2500308,唐木田,25003
2600101,1130205,渋谷,26001
2600102,2600102,代官山,26001
2600103,2600103,中目黒,26001
2600104,2600104,祐天寺,26001
2600105,2600105,学芸大学,26001
2600106,2600106,都立大学,26001
2600107,2600107,自由が丘,26001
2600108,2600108,田園調布,26001
2600109,2600109,多摩川,26001
2600201,1130203,目黒,26002
2600202,2600202,不動前,26002
2600203,2600203,武蔵小山,26002
2600204,2600204,西小山,26002
2600205,2600205,洗足,26002
2600206,2600206,大岡山,26002
2600207,2600207,奥沢,26002
2600208,2600108,田園調布,26002
2600209,2600109,多摩川,26002
2600301,1130205,渋谷,26003
2600302,2600302,池尻大橋,26003
2600303,2600303,三軒茶屋,26003
2600304,2600304,駒沢大学,26003
2600305,2600305,桜新町,26003
2600306,2600306,用賀,26003
2600307,2600307,二子玉川,26003
2600323,2600323,つくし野,26003
2600324,2600324,すずかけ台,26003
2600325,2600325,南町田グランベリーパーク,26003
2600401,1133228,大井町,26004
2600402,2600402,下神明,26004
2600403,2600403,戸越公園,26004
2600404,2600404,中延,26004
2600405,2600405,荏原町,26004
2600406,2600406,旗の台,26004
2600407,2600407,北千束,26004
2600408,2600206,大岡山,26004
2600409,2600409,緑が丘,26004
2600410,2600107,自由が丘,26004
2600411,2600411,九品仏,26004
2600412,2600412,尾山台,26004
2600413,2600413,等々力,26004
2600414,2600414,上野毛,26004
2600415,2600307,二子玉川,26004
2600501,1130202,五反田,26005
2600502,2600502,大崎広小路,26005
2600503,2600503,戸越銀座,26005
2600504,2600504,荏原中延,26005
2600505,2600406,旗の台,26005
2600506,2600506,長原,26005
2600507,2600507,洗足池,26005
2600508,2600508,石川台,26005
2600509,2600509,雪が谷大塚,26005
2600510,2600510,御嶽山,26005
2600511,2600511,久が原,26005
2600512,2600512,千鳥町,26005
2600513,2600513,池上,26005
2600514,2600514,蓮沼,26005
2600515,1133230,蒲田,26005
2600601,2600109,多摩川,26006
2600602,2600602,沼部,26006
2600603,2600603,鵜の木,26006
2600604,2600604,下丸子,26006
2600605,2600605,武蔵新田,26006
2600606,2600606,矢口渡,26006
2600607,1133230,蒲田,26006
2600701,2600303,三軒茶屋,26007
2600702,2600702,西太子堂,26007
2600703,2600703,若林,26007
2600704,2600704,松陰神社前,26007
2600705,2600705,世田谷,26007
2600706,2600706,上町,26007
2600707,2600707,宮の坂,26007
2600708,2500110,山下,26007
2600709,2600709,松原,26007
2600710,2400107,下高井戸,26007
2700101,2700101,泉岳寺,27001
2700102,1130103,品川,27001
2700103,2700103,北品川,27001
2700104,2700104,新馬場,27001
2700105,2700105,青物横丁,27001
2700106,2700106,鮫洲,27001
2700107,2700107,立会川,27001
2700108,2700108,大森海岸,27001
2700109,2700109,平和島,27001
2700110,2700110,大森町,27001
2700111,2700111,梅屋敷,27001
2700112,2700112,京急蒲田,27001
2700113,2700113,雑色,27001
2700114,2700114,六郷土手,27001
2700201,2700112,京急蒲田,27002
2700202,2700202,糀谷,27002
2700203,2700203,大鳥居,27002
2700204,2700204,穴守稲荷,27002
2700205,2700205,天空橋,27002
2700206,2700206,羽田空港第1・第2ターミナル,27002
2700207,2700207,羽田空港第3ターミナル,27002
2800101,2100201,浅草,28001
2800102,2800102,田原町,28001
2800103,2800103,稲荷町,28001
2800104,1130220,上野,28001
2800105,1130221,上野広小路,28001
2800106,2800106,末広町,28001
2800107,1130223,神田,28001
2800108,1131402,三越前,28001
2800109,2800109,日本橋,28001
2800110,2800110,京橋,28001
2800111,2800111,銀座,28001
2800112,1130102,新橋,28001
2800113,2800113,虎ノ門,28001
2800114,2800114,溜池山王,28001
2800115,2800115,赤坂見附,28001
2800116,2800116,青山一丁目,28001
2800117,2800117,外苑前,28001
2800118,2800118,表参道,28001
2800119,1130205,渋谷,28001
2800201,1130212,池袋,28002
2800202,2800202,新大塚,28002
2800203,2800203,茗荷谷,28002
2800204,2800204,後楽園,28002
2800205,2800205,本郷三丁目,28002
2800206,1131203,御茶ノ水,28002
2800207,1131203,淡路町,28002
2800208,2800208,大手町,28002
2800209,1130101,東京,28002
2800210,2800111,銀座,28002
2800211,2800211,霞ケ関,28002
2800212,2800212,国会議事堂前,28002
2800213,2800115,赤坂見附,28002
2800214,1131102,四ツ谷,28002
2800215,2800215,四谷三丁目,28002
2800216,2800216,新宿御苑前,28002
2800217,2800217,新宿三丁目,28002
2800218,1130208,新宿,28002
2800219,2800219,西新宿,28002
2800220,2800220,中野坂上,28002
2800221,2800221,新中野,28002
2800222,2800222,東高円寺,28002
2800223,2800223,新高円寺,28002
2800224,2800224,南阿佐ケ谷,28002
2800225,1131217,荻窪,28002
2800226,2800226,中野新橋,28002
2800227,2800227,中野富士見町,28002
2800228,2800228,方南町,28002
2800301,1132005,北千住,28003
2800302,1132004,南千住,28003
2800303,2800303,三ノ輪,28003
2800304,2800304,入谷,28003
2800305,1130220,上野,28003
2800306,1130221,仲御徒町,28003
2800307,1130222,秋葉原,28003
2800308,2800308,小伝馬町,28003
2800309,2800309,人形町,28003
2800310,2800310,茅場町,28003
2800311,1132602,八丁堀,28003
2800312,2800312,築地,28003
2800313,2800313,東銀座,28003
2800314,2800111,銀座,28003
2800315,1130225,日比谷,28003
2800316,2800211,霞ケ関,28003
2800317,2800317,神谷町,28003
2800318,2800318,六本木,28003
2800319,2800319,広尾,28003
2800320,1130204,恵比寿,28003
2800321,2600103,中目黒,28003
2800322,2800113,虎ノ門ヒルズ,28003
2800401,1131214,中野,28004
2800402,2800402,落合,28004
2800403,1130210,高田馬場,28004
2800404,2800404,早稲田,28004
2800405,2800405,神楽坂,28004
2800406,1131316,飯田橋,28004
2800407,2800407,九段下,28004
2800408,2800408,竹橋,28004
2800409,2800208,大手町,28004
2800410,2800109,日本橋,28004
2800411,2800310,茅場町,28004
2800412,2800412,門前仲町,28004
2800413,2800413,木場,28004
2800414,2800414,東陽町,28004
2800415,2800415,南砂町,28004
2800416,2800416,西葛西,28004
2800417,2800417,葛西,28004
2800501,2800501,北綾瀬,28005
2800502,1132006,綾瀬,28005
2800503,1132005,北千住,28005
2800504,2300104,町屋,28005
2800505,1130217,西日暮里,28005
2800506,2800506,千駄木,28005
2800507,2800507,根津,28005
2800508,2800508,湯島,28005
2800509,1131203,新御茶ノ水,28005
2800510,2800208,大手町,28005
2800511,2800511,二重橋前,28005
2800512,1130225,日比谷,28005
2800513,2800211,霞ケ関,28005
2800514,2800212,国会議事堂前,28005
2800515,2800515,赤坂,28005
2800516,2800516,乃木坂,28005
2800517,2800118,表参道,28005
2800518,1130206,明治神宮前〈原宿〉,28005
2800519,2500104,代々木公園,28005
2800520,2500105,代々木上原,28005
2800602,2100110,地下鉄成増,28006
2800603,2100109,地下鉄赤塚,28006
2800604,2800604,平和台,28006
2800605,2800605,氷川台,28006
2800606,2200301,小竹向原,28006
2800607,2800607,千川,28006
2800608,2800608,要町,28006
2800609,1130212,池袋,28006
2800610,2800610,東池袋,28006
2800611,2800611,護国寺,28006
2800612,2800612,江戸川橋,28006
2800613,1131316,飯田橋,28006
2800614,1131315,市ケ谷,28006
2800615,2800615,麹町,28006
2800616,2800115,永田町,28006
2800617,2800617,桜田門,28006
2800618,1130225,有楽町,28006
2800619,2800111,銀座一丁目,28006
2800620,2800312,新富町,28006
2800621,2800621,月島,28006
2800622,2800622,豊洲,28006
2800623,2800623,辰巳,28006
2800624,1132605,新木場,28006
2800801,1130205,渋谷,28008
2800802,2800118,表参道,28008
2800803,2800116,青山一丁目,28008
2800804,2800115,永田町,28008
2800805,2800805,半蔵門,28008
2800806,2800407,九段下,28008
2800807,2800807,神保町,28008
2800808,2800208,大手町,28008
2800809,1131402,三越前,28008
2800810,2800309,水天宮前,28008
2800811,2800811,清澄白河,28008
2800812,1131322,錦糸町,28008
2800813,2100203,押上〈スカイツリー前〉,28008
2800814,2800814,住吉,28008
2800901,2800901,赤羽岩淵,28009
2800902,2800902,志茂,28009
2800903,2800903,王子神谷,28009
2800904,1133212,王子,28009
2800905,2800905,西ケ原,28009
2800906,1130215,駒込,28009
2800907,2800907,本駒込,28009
2800908,2800908,東大前,28009
2800909,2800204,後楽園,28009
2800910,1131316,飯田橋,28009
2800911,1131315,市ケ谷,28009
2800912,1131102,四ツ谷,28009
2800913,2800115,永田町,28009
2800914,2800114,溜池山王,28009
2800915,2800915,六本木一丁目,28009
2800916,2800916,麻布十番,28009
2800917,2800917,白金高輪,28009
2800918,2800918,白金台,28009
2800919,1130203,目黒,28009
2801002,2100110,地下鉄成増,28010
2801003,2100109,地下鉄赤塚,28010
2801004,2800604,平和台,28010
2801005,2800605,氷川台,28010
2801006,2200301,小竹向原,28010
2801007,2800607,千川,28010
2801008,2800608,要町,28010
2801009,1130212,池袋,28010
2801010,2801010,雑司が谷,28010
2801011,2801011,西早稲田,28010
2801012,2801012,東新宿,28010
2801013,2800217,新宿三丁目,28010
2801014,2801014,北参道,28010
2801015,1130206,明治神宮前〈原宿〉,28010
2801016,1130205,渋谷,28010
2900303,1130208,新宿,29003
2900304,1130205,渋谷,29003
2900305,1130204,恵比寿,29003
2900306,1130201,大崎,29003
2900307,1130804,西大井,29003
9930101,9930101,都庁前,99301
9930102,9930102,新宿西口,99301
9930103,2801012,東新宿,99301
9930104,9930104,若松河田,99301
9930105,9930105,牛込柳町,99301
9930106,9930106,牛込神楽坂,99301
9930107,1131316,飯田橋,99301
9930108,9930108,春日,99301
9930109,2800205,本郷三丁目,99301
9930110,1130221,上野御徒町,99301
9930111,9930111,新御徒町,99301
9930112,9930112,蔵前,99301
9930113,1131321,両国,99301
9930114,9930114,森下,99301
9930115,2800811,清澄白河,99301
9930116,2800412,門前仲町,99301
9930117,2800621,月島,99301
9930118,9930118,勝どき,99301
9930119,9930119,築地市場,99301
9930120,9930120,汐留,99301
9930121,9930121,大門,99301
9930122,9930122,赤羽橋,99301
9930123,2800916,麻布十番,99301
9930124,2800318,六本木,99301
9930125,2800116,青山一丁目,99301
9930126,9930126,国立競技場,99301
9930127,1130207,代々木,99301
9930128,1130208,新宿,99301
9930129,9930129,西新宿五丁目,99301
9930130,2800220,中野坂上,99301
9930131,1131308,東中野,99301
9930132,2200704,中井,99301
9930133,9930133,落合南長崎,99301
9930134,9930134,新江古田,99301
9930135,2200106,練馬,99301
9930136,2200402,豊島園,99301
9930137,9930137,練馬春日町,99301
9930138,9930138,光が丘,99301
9930201,9930201,西馬込,99302
9930202,9930202,馬込,99302
9930203,2600404,中延,99302
9930204,2600503,戸越,99302
9930205,1130202,五反田,99302
9930206,9930206,高輪台,99302
9930207,2700101,泉岳寺,99302
9930208,9930208,三田,99302
9930209,9930121,大門,99302
9930210,1130102,新橋,99302
9930211,2800313,東銀座,99302
9930212,2800110,宝町,99302
9930213,2800109,日本橋,99302
9930214,2800309,人形町,99302
9930215,1131403,東日本橋,99302
9930216,1131320,浅草橋,99302
9930217,9930112,蔵前,99302
9930218,2100201,浅草,99302
9930219,9930219,本所吾妻橋,99302
9930220,2100203,押上（スカイツリー前）,99302
9930301,1130203,目黒,99303
9930302,2800918,白金台,99303
9930303,2800917,白金高輪,99303
9930304,9930208,三田,99303
9930305,9930305,芝公園,99303
9930306,9930306,御成門,99303
9930307,9930307,内幸町,99303
9930308,1130225,日比谷,99303
9930309,2800208,大手町,99303
9930310,2800807,神保町,99303
9930311,1131317,水道橋,99303
9930312,9930108,春日,99303
9930313,9930313,白山,99303
9930314,9930314,千石,99303
9930315,1130214,巣鴨,99303
9930316,9930316,西巣鴨,99303
9930317,9930317,新板橋,99303
9930318,9930318,板橋区役所前,99303
9930319,9930319,板橋本町,99303
9930320,9930320,本蓮沼,99303
9930321,9930321,志村坂上,99303
9930322,9930322,志村三丁目,99303
9930323,9930323,蓮根,99303
9930324,9930324,西台,99303
9930325,9930325,高島平,99303
9930326,9930326,新高島平,99303
9930327,9930327,西高島平,99303
9930401,1130208,新宿,99304
9930402,2800217,新宿三丁目,99304
9930403,9930403,曙橋,99304
9930404,1131315,市ヶ谷,99304
9930405,2800407,九段下,99304
9930406,2800807,神保町,99304
9930407,2800207,小川町,99304
9930408,9930408,岩本町,99304
9930409,1131403,馬喰横山,99304
9930410,9930410,浜町,99304
9930411,9930114,森下,99304
9930412,9930412,菊川,99304
9930413,2800814,住吉,99304
9930414,9930414,西大島,99304
9930415,9930415,大島,99304
9930416,9930416,東大島,99304
9930417,9930417,船堀,99304
9930418,9930418,一之江,99304
9930419,9930419,瑞江,99304
9930420,9930420,篠崎,99304
9930501,9930501,三ノ輪橋,99305
9930502,9930502,荒川一中前,99305
9930503,9930503,荒川区役所前,99305
9930504,9930504,荒川二丁目,99305
9930505,9930505,荒川七丁目,99305
9930506,2300104,町屋駅前,99305
9930507,9930507,町屋二丁目,99305
9930508,9930508,東尾久三丁目,99305
9930509,9930509,熊野前,99305
9930510,9930510,宮ノ前,99305
9930511,9930511,小台,99305
9930512,9930512,荒川遊園地前,99305
9930513,9930513,荒川車庫前,99305
9930514,9930514,梶原,99305
9930515,9930515,栄町,99305
9930516,1133212,王子駅前,99305
9930517,9930517,飛鳥山,99305
9930518,9930518,滝野川一丁目,99305
9930519,9930519,西ヶ原四丁目,99305
9930520,9930520,新庚申塚,99305
9930521,9930521,庚申塚,99305
9930522,9930522,巣鴨新田,99305
9930523,1130213,大塚駅前,99305
9930524,9930524,向原,99305
9930525,2800610,東池袋四丁目,99305
9930526,9930526,都電雑司ヶ谷,99305
9930527,2801010,鬼子母神前,99305
9930528,9930528,学習院下,99305
9930529,9930529,面影橋,99305
9930530,9930530,早稲田,99305
9930701,2800901,赤羽岩淵,99307
9930901,1130222,秋葉原,99309
9930902,9930111,新御徒町,99309
9930903,9930903,浅草,99309
9930904,1132004,南千住,99309
9930905,1132005,北千住,99309
9930906,9930906,青井,99309
9930907,9930907,六町,99309
9931101,1130102,新橋,99311
9931102,9930120,汐留,99311
9931103,9931103,竹芝,99311
9931104,9931104,日の出,99311
9931105,9931105,芝浦ふ頭,99311
9931106,9931106,お台場海浜公園,99311
9931107,9931107,台場,99311
9931108,9931108,東京国際クルーズターミナル,99311
9931109,9931109,テレコムセンター,99311
9931110,9931110,青海,99311
9931111,9931111,東京ビッグサイト,99311
9931112,9931112,有明,99311
9931113,9931113,有明テニスの森,99311
9931114,9931114,市場前,99311
9931115,9931115,新豊洲,99311
9931116,2800622,豊洲,99311
9933401,2400208,多摩センター,99334
9933402,9933402,松が谷,99334
9933403,9933403,大塚・帝京大学,99334
9933404,9933404,中央大学・明星大学,99334
9933405,2400502,多摩動物公園,99334
9933406,9933406,程久保,99334
9933407,2400129,高幡不動,99334
9933408,9933408,万願寺,99334
9933409,9933409,甲州街道,99334
9933410,9933410,柴崎体育館,99334
9933411,9933411,立川南,99334
9933412,9933412,立川北,99334
9933413,9933413,高松,99334
9933414,9933414,立飛,99334
9933415,9933415,泉体育館,99334
9933416,9933416,砂川七番,99334
9933417,2200805,玉川上水,99334
9933418,9933418,桜街道,99334
9933419,9933419,上北台,99334
9933601,1130227,浜松町,99336
9933602,9933602,天王洲アイル,99336
9933603,9933603,大井競馬場前,99336
9933604,9933604,流通センター,99336
9933605,9933605,昭和島,99336
9933606,9933606,整備場,99336
9933607,2700205,天空橋,99336
9933608,9933608,新整備場,99336
9933609,2700206,羽田空港第1ターミナル,99336
9933610,2700206,羽田空港第2ターミナル,99336
9933611,2700207,羽田空港第3ターミナル,99336
9933701,1132605,新木場,99337
9933702,9933702,東雲,99337
9933703,9933703,国際展示場,99337
9933704,9933704,東京テレポート,99337
9933705,9933602,天王洲アイル,99337
9933706,9933706,品川シーサイド,99337
9933707,1133228,大井町,99337
9933708,1130201,大崎,99337
9934001,2300110,京成高砂,99340
9934002,9934002,新柴又,99340
9934201,1130218,日暮里,99342
9934202,1130217,西日暮里,99342
9934203,9934203,赤土小学校前,99342
9934204,9930509,熊野前,99342
9934205,9934205,足立小台,99342
9934206,9934206,扇大橋,99342
9934207,9934207,高野,99342
9934208,9934208,江北,99342
9934209,9934209,西新井大師西,99342
9934210,9934210,谷在家,99342
9934211,9934211,舎人公園,99342
9934212,9934212,舎人,99342
9934213,9934213,見沼代親水公園,99342